{
  "resourceType": "ImplementationGuide",
  "url": "https://gematik.de/fhir/isik/v4/Vitalparameter/ImplementationGuide/ISiK-vitalparameter",
  "name": "Implementierungsleitfaden ISiK-Modul Vitalparameter und Körpermaße",
  "status": "active",
  "fhirVersion": [
    "4.0.1"
  ],
  "packageId": "de.gematik.isik-vitalparameter",
  "definition": {
    "resource": [
      {
        "reference": {
          "reference": "Patient/test"
        }
      }
    ],
    "page": {
      "nameUrl": "ImplementationGuide/markdown/Einfuehrung.md",
      "title": "Einführung",
      "generation": "markdown",
      "page": [
        {
          "nameUrl": "ImplementationGuide/markdown/ReleaseNotes.md",
          "title": "Release Notes",
          "generation": "markdown"
        },
        {
          "nameUrl": "ImplementationGuide/markdown/Motivation.md",
          "title": "Motivation",
          "generation": "markdown"
        },
        {
          "nameUrl": "ImplementationGuide/markdown/UebergreifendeFestlegungen.md",
          "title": "Übergreifende Festlegungen",
          "generation": "markdown",
          "page": [
            {
              "nameUrl": "ImplementationGuide/markdown/Methodik.md",
              "title": "Methodik",
              "generation": "markdown"
            },
            {
              "nameUrl": "ImplementationGuide/markdown/BestaetigungsrelevanteSysteme.md",
              "title": "Bestätigungsrelevante Systeme",
              "generation": "markdown"
            },
            {
              "nameUrl": "ImplementationGuide/markdown/Kompatibilitaet.md",
              "title": "Kompatibilität",
              "generation": "markdown"
            },
            {
              "nameUrl": "ImplementationGuide/markdown/MustSupportFlags.md",
              "title": "Must-Support-Flags",
              "generation": "markdown"
            },
            {
              "nameUrl": "ImplementationGuide/markdown/Repraesentationsformate.md",
              "title": "Repräsentationsformate",
              "generation": "markdown"
            },
            {
              "nameUrl": "ImplementationGuide/markdown/Suchparameter.md",
              "title": "Suchparameter",
              "generation": "markdown"
            },
            {
              "nameUrl": "ImplementationGuide/markdown/RestApi.md",
              "title": "REST-API",
              "generation": "markdown"
            },
           {
              "nameUrl": "ImplementationGuide/markdown/AnmerkungenMS.md",
              "title": "Anmerkungen zu Must-Support-Feldern",
              "generation": "markdown"
            },
            {
              "nameUrl": "ImplementationGuide/markdown/Interaktionen.md",
              "title": "Interaktionen",
              "generation": "markdown"
            },
            {
              "nameUrl": "ImplementationGuide/markdown/Signaldaten.md",
              "title": "Signaldaten",
              "generation": "markdown"
            }
          ]
        },
        {
          "nameUrl": "ImplementationGuide/markdown/UebergreifendeUseCases.md",
          "title": "Übergreifende Use Cases",
          "generation": "markdown",
          "page": [
            {
              "nameUrl": "ImplementationGuide/markdown/UebergreifendeUseCases/Intensivversorgung.md",
              "title": "Intensivversorgung",
              "generation": "markdown",
              "page": [
                {
                  "nameUrl": "ImplementationGuide/markdown/UebergreifendeUseCases/Intensivversorgung/Intensivversorgung_Motivation.md",
                  "title": "Motivation",
                  "generation": "markdown"
                },          
                {
                  "nameUrl": "ImplementationGuide/markdown/UebergreifendeUseCases/Intensivversorgung/Intensivversorgung_Normativer_Status.md",
                  "title": "Normativer Status",
                  "generation": "markdown"
                },
                {
                  "nameUrl": "ImplementationGuide/markdown/UebergreifendeUseCases/Intensivversorgung/Intensivversorgung_UseCases.md",
                  "title": "Use Cases",
                  "generation": "markdown"
                },
                
                {
                  "nameUrl": "ImplementationGuide/markdown/UebergreifendeUseCases/Intensivversorgung/Intensivversorgung_Profile.md",
                  "title": "Profile",
                  "generation": "markdown"
                }
              ]
            },
            {
              "nameUrl": "ImplementationGuide/markdown/UebergreifendeUseCases/AMTS.md",
              "title": "Arzneimitteltherapiesicherheit (AMTS)",
              "generation": "markdown"
            }
          ]
        },
        {
          "generation": "markdown",
          "nameUrl": "ImplementationGuide/markdown/Datenobjekte.md",
          "title": "Datenobjekte",
          "page": [
            {
              "nameUrl": "ImplementationGuide/markdown/CapabilityStatement.md",
              "title": "CapabilityStatement",
              "generation": "markdown"
            },
            {
              "nameUrl": "ImplementationGuide/markdown/Koerpergewicht.md",
              "title": "Koerpergewicht",
              "generation": "markdown"
            },
            {
              "nameUrl": "ImplementationGuide/markdown/Koerpergroesse.md",
              "title": "Koerpergroesse",
              "generation": "markdown"
            },
            {
              "nameUrl": "ImplementationGuide/markdown/Datenobjekte/Koerpertemperatur.md",
              "title": "Koerpertemperatur",
              "generation": "markdown"
            },
            {
              "nameUrl": "ImplementationGuide/markdown/Datenobjekte/Kopfumfang.md",
              "title": "Kopfumfang",
              "generation": "markdown"
            },
            {
              "nameUrl": "ImplementationGuide/markdown/Datenobjekte/Atemfrequenz.md",
              "title": "Atemfrequenz",
              "generation": "markdown"
            },
            {
              "nameUrl": "ImplementationGuide/markdown/Datenobjekte/Blutdruck.md",
              "title": "Blutdruck",
              "generation": "markdown"
            },
            {
              "nameUrl": "ImplementationGuide/markdown/Datenobjekte/Herzfrequenz.md",
              "title": "Herzfrequenz",
              "generation": "markdown"
            },
            {
              "nameUrl": "ImplementationGuide/markdown/Datenobjekte/Sauerstoffsaettigung.md",
              "title": "Sauerstoffsaettigung",
              "generation": "markdown"
            },
            {
              "nameUrl": "ImplementationGuide/markdown/Datenobjekte/Ekg.md",
              "title": "EKG",
              "generation": "markdown"
            },
            {
              "nameUrl": "ImplementationGuide/markdown/Datenobjekte/GCS.md",
              "title": "GCS",
              "generation": "markdown"
            },
            {
              "nameUrl": "ImplementationGuide/markdown/Datenobjekte/MII_Intensiv_Normal.md",
              "title": "MII Profile der Intensiv- und Normalversorgung",
              "generation": "markdown"
            },
            {
              "nameUrl": "ImplementationGuide/markdown/Datenobjekte/Laborprofile.md",
              "title": "Laborprofile für Überleitung Intensivversorgung",
              "generation": "markdown"
            }
          ]
        }
      ]
    }
  }
}
