{
  "resourceType": "Observation",
  "id": "ISiKHerzfrequenzExample",
  "meta": {
    "profile": [
      "https://gematik.de/fhir/isik/StructureDefinition/ISiKHerzfrequenz",
      "http://hl7.org/fhir/StructureDefinition/heartrate",
      "http://fhir.de/StructureDefinition/observation-de-vitalsign-herzfrequenz"
    ]
  },
  "category": [
    {
      "coding": [
        {
          "system": "http://terminology.hl7.org/CodeSystem/observation-category",
          "code": "vital-signs"
        }
      ]
    }
  ],
  "code": {
    "coding": [
      {
        "system": "http://loinc.org",
        "code": "8867-4",
        "display": "Heart rate"
      },
      {
        "code": "147842",
        "system": "urn:iso:std:iso:11073:10101",
        "display": "MDC_ECG_HEART_RATE"
      },
      {
        "code": "364075005",
        "system": "http://snomed.info/sct",
        "display": "Heart rate (observable entity)"
      }
    ],
    "text": "Herzfrequenz"
  },
  "valueQuantity": {
    "system": "http://unitsofmeasure.org",
    "code": "/min",
    "value": 63,
    "unit": "per minute"
  },
  "status": "final",
  "subject": {
    "reference": "Patient/PatientinMusterfrau"
  },
  "effectiveDateTime": "2020-10-11"
}
