{
  "resourceType": "Observation",
  "id": "Koerpertemperatur-Halswirbelsaeule",
  "meta": {
    "profile": [
      "https://gematik.de/fhir/isik/StructureDefinition/sd-mii-icu-koerpertemperatur-halswirbelsaeule"
    ]
  },
  "category": [
    {
      "coding": [
        {
          "code": "vital-signs",
          "system": "http://terminology.hl7.org/CodeSystem/observation-category"
        }
      ]
    }
  ],
  "code": {
    "coding": [
      {
        "code": "364419004",
        "system": "http://snomed.info/sct",
        "display": "Temperature of cervical spine (observable entity)"
      }
    ]
  },
  "valueQuantity": {
    "code": "Cel",
    "system": "http://unitsofmeasure.org",
    "unit": "degree Celsius",
    "value": 37
  },
  "bodySite": {
    "coding": [
      {
        "code": "122494005",
        "system": "http://snomed.info/sct",
        "display": "Structure of cervical vertebral column (body structure)"
      }
    ]
  },
  "status": "final",
  "subject": {
    "reference": "Patient/PatientinMusterfrau"
  },
  "effectivePeriod": {
    "start": "2019-12-23T09:30:10+01:00",
    "end": "2019-12-23T10:30:10+01:00"
  }
}
