{
  "resourceType": "Observation",
  "id": "Linksventrikulaerer-Druck",
  "meta": {
    "profile": [
      "https://gematik.de/fhir/isik/StructureDefinition/sd-mii-icu-linksventrikulaerer-druck"
    ]
  },
  "code": {
    "coding": [
      {
        "code": "75367002",
        "system": "http://snomed.info/sct"
      },
      {
        "code": "276769008",
        "system": "http://snomed.info/sct",
        "display": "Left ventricular pressure (observable entity)"
      },
      {
        "code": "150100",
        "system": "urn:iso:std:iso:11073:10101",
        "display": "MDC_PRESS_BLD_VENT_LEFT"
      }
    ]
  },
  "component": [
    {
      "code": {
        "coding": [
          {
            "code": "8478-0",
            "system": "http://loinc.org"
          },
          {
            "code": "150103",
            "system": "urn:iso:std:iso:11073:10101",
            "display": "Mean left ventricular pressure"
          },
          {
            "code": "8404-6",
            "system": "http://loinc.org",
            "display": "Left ventricular Intrachamber mean pressure"
          }
        ]
      },
      "valueQuantity": {
        "code": "mm[Hg]",
        "system": "http://unitsofmeasure.org",
        "unit": "millimeter Mercury column",
        "value": 40
      }
    },
    {
      "code": {
        "coding": [
          {
            "code": "8480-6",
            "system": "http://loinc.org"
          },
          {
            "code": "150101",
            "system": "urn:iso:std:iso:11073:10101",
            "display": "Systolic left ventricular pressure"
          },
          {
            "code": "8430-1",
            "system": "http://loinc.org",
            "display": "Left ventricular Intrachamber systolic pressure"
          },
          {
            "code": "276780008",
            "system": "http://snomed.info/sct",
            "display": "Left ventricular systolic pressure"
          }
        ]
      },
      "valueQuantity": {
        "code": "mm[Hg]",
        "system": "http://unitsofmeasure.org",
        "unit": "millimeter Mercury column",
        "value": 120
      }
    },
    {
      "code": {
        "coding": [
          {
            "code": "8462-4",
            "system": "http://loinc.org"
          },
          {
            "code": "150102",
            "system": "urn:iso:std:iso:11073:10101",
            "display": "Diastolic left ventricular pressure"
          },
          {
            "code": "8375-8",
            "system": "http://loinc.org",
            "display": "Left ventricular Intrachamber diastolic pressure"
          }
        ]
      },
      "valueQuantity": {
        "code": "mm[Hg]",
        "system": "http://unitsofmeasure.org",
        "unit": "millimeter Mercury column",
        "value": 10
      }
    }
  ],
  "status": "final",
  "subject": {
    "reference": "Patient/PatientinMusterfrau"
  },
  "effectiveDateTime": "2019-12-23T09:30:10+01:00"
}
