{
  "resourceType": "Observation",
  "id": "ISiKAtemfrequenzExample",
  "meta": {
    "profile": [
      "https://gematik.de/fhir/isik/StructureDefinition/ISiKAtemfrequenz",
      "http://hl7.org/fhir/StructureDefinition/resprate",
      "http://fhir.de/StructureDefinition/observation-de-vitalsign-atemfrequenz"
    ]
  },
  "category": [
    {
      "coding": [
        {
          "system": "http://terminology.hl7.org/CodeSystem/observation-category",
          "code": "vital-signs",
          "display": "Vital Signs"
        }
      ]
    }
  ],
  "code": {
    "coding": [
      {
        "system": "http://loinc.org",
        "code": "9279-1",
        "display": "Respiratory rate"
      },
      {
        "code": "86290005",
        "system": "http://snomed.info/sct",
        "display": "Respiratory rate (observable entity)"
      },
      {
        "code": "151562",
        "system": "urn:iso:std:iso:11073:10101",
        "display": "MDC_RESP_RATE"
      }
    ],
    "text": "Atemfrequenz"
  },
  "valueQuantity": {
    "system": "http://unitsofmeasure.org",
    "code": "/min",
    "value": 26,
    "unit": "Atemzüge pro Minute"
  },
  "status": "final",
  "subject": {
    "reference": "Patient/PatientinMusterfrau"
  },
  "effectiveDateTime": "2019-07-02"
}
