{
  "resourceType": "Observation",
  "id": "Sauerstoffsaettigung-im-Blut-Preduktal-durch-Pulsoxymetrie",
  "meta": {
    "profile": [
      "https://gematik.de/fhir/isik/StructureDefinition/sd-mii-icu-o2saettigung-im-blut-preduktal-durch-pulsoxymetrie"
    ]
  },
  "category": [
    {
      "coding": [
        {
          "code": "vital-signs",
          "system": "http://terminology.hl7.org/CodeSystem/observation-category"
        }
      ]
    }
  ],
  "code": {
    "coding": [
      {
        "code": "59407-7",
        "system": "http://loinc.org",
        "display": "Oxygen saturation in Blood Preductal by Pulse oximetry"
      },
      {
        "code": "160296",
        "system": "urn:iso:std:iso:11073:10101",
        "display": "Preductal SpO2"
      }
    ]
  },
  "valueQuantity": {
    "code": "%",
    "system": "http://unitsofmeasure.org",
    "unit": "percent",
    "value": 96
  },
  "status": "final",
  "subject": {
    "reference": "Patient/PatientinMusterfrau"
  },
  "effectivePeriod": {
    "start": "2019-12-23T09:30:10+01:00",
    "end": "2019-12-23T10:30:10+01:00"
  }
}
