{
  "resourceType": "Patient",
  "id": "PatientinMusterfrau",
  "meta": {
    "profile": [
      "https://gematik.de/fhir/isik/StructureDefinition/ISiKPatient"
    ]
  },
  "identifier": [
    {
      "type": {
        "coding": [
          {
            "system": "http://terminology.hl7.org/CodeSystem/v2-0203",
            "code": "MR"
          }
        ]
      },
      "system": "https://fhir.krankenhaus.example/NamingSystem/PID",
      "value": "TestPID"
    }
  ],
  "name": [
    {
      "use": "official",
      "family": "Fürstin von Musterfrau",
      "given": [
        "Erika"
      ]
    }
  ],
  "active": true,
  "gender": "female",
  "birthDate": "1964-08-12"
}
