{
  "resourceType": "StructureDefinition",
  "id": "sd-mii-icu-linksatrialer-druck",
  "url": "https://gematik.de/fhir/isik/StructureDefinition/sd-mii-icu-linksatrialer-druck",
  "version": "4.0.0",
  "name": "SD_MII_ICU_Linksatrialer_Druck",
  "title": "SD MII ICU Linksatrialer Druck",
  "status": "active",
  "experimental": false,
  "date": "2024-09-30",
  "publisher": "gematik GmbH",
  "fhirVersion": "4.0.1",
  "kind": "resource",
  "abstract": false,
  "type": "Observation",
  "baseDefinition": "https://gematik.de/fhir/isik/StructureDefinition/sd-mii-icu-sonstige-pulsatile-druecke-generisch",
  "derivation": "constraint",
  "differential": {
    "element": [
      {
        "id": "Observation.category",
        "path": "Observation.category",
        "patternCodeableConcept": {
          "coding": [
            {
              "code": "vital-signs",
              "system": "http://hl7.org/fhir/secondary-finding"
            }
          ]
        }
      },
      {
        "id": "Observation.code.coding",
        "path": "Observation.code.coding",
        "min": 4,
        "max": "4"
      },
      {
        "id": "Observation.code.coding:sct",
        "path": "Observation.code.coding",
        "sliceName": "sct",
        "patternCoding": {
          "code": "276760007",
          "system": "http://snomed.info/sct"
        }
      },
      {
        "id": "Observation.code.coding:loinc",
        "path": "Observation.code.coding",
        "sliceName": "loinc",
        "min": 1,
        "max": "1",
        "patternCoding": {
          "code": "60988-3",
          "system": "http://loinc.org"
        }
      },
      {
        "id": "Observation.code.coding:IEEE11073",
        "path": "Observation.code.coding",
        "sliceName": "IEEE11073",
        "min": 1,
        "max": "1",
        "patternCoding": {
          "code": "150064",
          "system": "urn:iso:std:iso:11073:10101"
        }
      },
      {
        "id": "Observation.bodySite",
        "path": "Observation.bodySite",
        "patternCodeableConcept": {
          "coding": [
            {
              "code": "82471001",
              "system": "http://snomed.info/sct"
            }
          ]
        }
      },
      {
        "id": "Observation.component:SystolicBP",
        "path": "Observation.component",
        "sliceName": "SystolicBP"
      },
      {
        "id": "Observation.component:SystolicBP.code.coding:IEEE-11073",
        "path": "Observation.component.code.coding",
        "sliceName": "IEEE-11073",
        "patternCoding": {
          "code": "150065",
          "system": "urn:iso:std:iso:11073:10101"
        }
      },
      {
        "id": "Observation.component:SystolicBP.code.coding:loinc-detailed",
        "path": "Observation.component.code.coding",
        "sliceName": "loinc-detailed",
        "min": 0,
        "max": "1",
        "patternCoding": {
          "code": "60989-1",
          "system": "http://loinc.org"
        }
      },
      {
        "id": "Observation.component:DiastolicBP",
        "path": "Observation.component",
        "sliceName": "DiastolicBP"
      },
      {
        "id": "Observation.component:DiastolicBP.code.coding:IEEE-11073",
        "path": "Observation.component.code.coding",
        "sliceName": "IEEE-11073",
        "patternCoding": {
          "code": "150066",
          "system": "urn:iso:std:iso:11073:10101"
        }
      },
      {
        "id": "Observation.component:DiastolicBP.code.coding:loinc-detailed",
        "path": "Observation.component.code.coding",
        "sliceName": "loinc-detailed",
        "min": 0,
        "max": "1",
        "patternCoding": {
          "code": "75933-2",
          "system": "http://loinc.org"
        }
      },
      {
        "id": "Observation.component:meanBP",
        "path": "Observation.component",
        "sliceName": "meanBP"
      },
      {
        "id": "Observation.component:meanBP.code.coding:IEEE-11073",
        "path": "Observation.component.code.coding",
        "sliceName": "IEEE-11073",
        "patternCoding": {
          "code": "150067",
          "system": "urn:iso:std:iso:11073:10101"
        }
      },
      {
        "id": "Observation.component:meanBP.code.coding:loinc-detailed",
        "path": "Observation.component.code.coding",
        "sliceName": "loinc-detailed",
        "min": 0,
        "max": "1",
        "patternCoding": {
          "code": "8399-8",
          "system": "http://loinc.org"
        }
      }
    ]
  }
}
