{
  "resourceType": "StructureDefinition",
  "id": "sd-mii-icu-koerpergewicht-percentil-altersabhaengig",
  "url": "https://gematik.de/fhir/isik/StructureDefinition/sd-mii-icu-koerpergewicht-percentil-altersabhaengig",
  "version": "4.0.0",
  "name": "SD_MII_ICU_Koerpergewicht_Percentil_Altersabhaengig",
  "title": "SD MII ICU Koerpergewicht Percentil Altersabhaengig",
  "status": "active",
  "experimental": false,
  "date": "2024-09-30",
  "publisher": "gematik GmbH",
  "fhirVersion": "4.0.1",
  "kind": "resource",
  "abstract": false,
  "type": "Observation",
  "baseDefinition": "https://gematik.de/fhir/isik/StructureDefinition/sd-mii-icu-monitoring-und-vitaldaten",
  "derivation": "constraint",
  "differential": {
    "element": [
      {
        "id": "Observation.category:sct",
        "path": "Observation.category",
        "sliceName": "sct",
        "min": 0,
        "max": "*",
        "patternCodeableConcept": {
          "coding": [
            {
              "code": "248326004",
              "system": "http://snomed.info/sct"
            }
          ]
        }
      },
      {
        "id": "Observation.category:sct.coding",
        "path": "Observation.category.coding",
        "mustSupport": true
      },
      {
        "id": "Observation.category:sct.coding.system",
        "path": "Observation.category.coding.system",
        "min": 1,
        "mustSupport": true
      },
      {
        "id": "Observation.category:sct.coding.code",
        "path": "Observation.category.coding.code",
        "min": 1,
        "mustSupport": true
      },
      {
        "id": "Observation.code.coding",
        "path": "Observation.code.coding",
        "min": 2
      },
      {
        "id": "Observation.code.coding:sct",
        "path": "Observation.code.coding",
        "sliceName": "sct",
        "min": 1,
        "max": "1",
        "patternCoding": {
          "code": "1153592008",
          "system": "http://snomed.info/sct"
        }
      },
      {
        "id": "Observation.code.coding:loinc",
        "path": "Observation.code.coding",
        "sliceName": "loinc",
        "min": 1,
        "max": "1",
        "patternCoding": {
          "code": "8336-0",
          "system": "http://loinc.org"
        }
      },
      {
        "id": "Observation.code.coding:IEEE-11073",
        "path": "Observation.code.coding",
        "sliceName": "IEEE-11073",
        "max": "0",
        "patternCoding": {
          "system": "urn:iso:std:iso:11073:10101"
        }
      },
      {
        "id": "Observation.value[x]",
        "path": "Observation.value[x]",
        "patternQuantity": {
          "code": "%",
          "system": "http://unitsofmeasure.org",
          "unit": "percent"
        }
      },
      {
        "id": "Observation.value[x].unit",
        "path": "Observation.value[x].unit",
        "min": 1
      }
    ]
  }
}
