{
  "resourceType": "StructureDefinition",
  "id": "ISiKBlutdruckSystemischArteriell",
  "url": "https://gematik.de/fhir/isik/StructureDefinition/ISiKBlutdruckSystemischArteriell",
  "version": "4.0.0",
  "name": "ISiKBlutdruckSystemischArteriell",
  "status": "active",
  "experimental": false,
  "date": "2024-09-30",
  "publisher": "gematik GmbH",
  "fhirVersion": "4.0.1",
  "kind": "resource",
  "abstract": false,
  "type": "Observation",
  "baseDefinition": "http://fhir.de/StructureDefinition/observation-de-vitalsign-blutdruck",
  "derivation": "constraint",
  "differential": {
    "element": [
      {
        "id": "Observation.status",
        "path": "Observation.status",
        "mustSupport": true
      },
      {
        "id": "Observation.category",
        "path": "Observation.category",
        "mustSupport": true
      },
      {
        "id": "Observation.category:VSCat",
        "path": "Observation.category",
        "sliceName": "VSCat",
        "mustSupport": true
      },
      {
        "id": "Observation.code",
        "path": "Observation.code",
        "mustSupport": true
      },
      {
        "id": "Observation.code.coding:loinc",
        "path": "Observation.code.coding",
        "sliceName": "loinc",
        "mustSupport": true
      },
      {
        "id": "Observation.code.coding:snomed",
        "path": "Observation.code.coding",
        "sliceName": "snomed",
        "mustSupport": true
      },
      {
        "id": "Observation.code.coding:IEEE11073",
        "path": "Observation.code.coding",
        "sliceName": "IEEE11073",
        "min": 0,
        "max": "1",
        "patternCoding": {
          "code": "150016",
          "system": "urn:iso:std:iso:11073:10101"
        }
      },
      {
        "id": "Observation.subject",
        "path": "Observation.subject",
        "mustSupport": true
      },
      {
        "id": "Observation.encounter",
        "path": "Observation.encounter",
        "mustSupport": true
      },
      {
        "id": "Observation.effective[x]",
        "path": "Observation.effective[x]",
        "mustSupport": true
      },
      {
        "id": "Observation.performer",
        "path": "Observation.performer",
        "comment": "Motivation: Dieses Feld stellt eine präzisierende Angaben zum Zweck der Qualitätsbewertung bereit",
        "mustSupport": true
      },
      {
        "id": "Observation.dataAbsentReason",
        "path": "Observation.dataAbsentReason",
        "mustSupport": true
      },
      {
        "id": "Observation.method",
        "path": "Observation.method",
        "comment": "Motivation: Dieses Feld stellt eine präzisierende Angaben zum Zweck der Qualitätsbewertung bereit",
        "mustSupport": true
      },
      {
        "id": "Observation.device",
        "path": "Observation.device",
        "comment": "Motivation: Dieses Feld stellt eine präzisierende Angaben zum Zweck der Qualitätsbewertung bereit",
        "mustSupport": true
      },
      {
        "id": "Observation.component",
        "path": "Observation.component",
        "mustSupport": true
      },
      {
        "id": "Observation.component:SystolicBP",
        "path": "Observation.component",
        "sliceName": "SystolicBP",
        "mustSupport": true
      },
      {
        "id": "Observation.component:SystolicBP.code",
        "path": "Observation.component.code",
        "mustSupport": true
      },
      {
        "id": "Observation.component:SystolicBP.code.coding",
        "path": "Observation.component.code.coding",
        "slicing": {
          "discriminator": [
            {
              "type": "pattern",
              "path": "$this"
            }
          ],
          "rules": "open"
        },
        "mustSupport": true
      },
      {
        "id": "Observation.component:SystolicBP.code.coding:IEEE11073",
        "path": "Observation.component.code.coding",
        "sliceName": "IEEE11073",
        "min": 0,
        "max": "1",
        "patternCoding": {
          "code": "150017",
          "system": "urn:iso:std:iso:11073:10101"
        }
      },
      {
        "id": "Observation.component:SystolicBP.code.coding:SCT",
        "path": "Observation.component.code.coding",
        "sliceName": "SCT",
        "min": 0,
        "max": "1",
        "patternCoding": {
          "code": "271649006",
          "system": "http://snomed.info/sct"
        }
      },
      {
        "id": "Observation.component:SystolicBP.value[x]",
        "path": "Observation.component.value[x]",
        "mustSupport": true
      },
      {
        "id": "Observation.component:SystolicBP.value[x]:valueQuantity",
        "path": "Observation.component.value[x]",
        "sliceName": "valueQuantity",
        "type": [
          {
            "code": "Quantity"
          }
        ],
        "mustSupport": true
      },
      {
        "id": "Observation.component:SystolicBP.dataAbsentReason",
        "path": "Observation.component.dataAbsentReason",
        "mustSupport": true
      },
      {
        "id": "Observation.component:DiastolicBP",
        "path": "Observation.component",
        "sliceName": "DiastolicBP",
        "mustSupport": true
      },
      {
        "id": "Observation.component:DiastolicBP.code",
        "path": "Observation.component.code",
        "mustSupport": true
      },
      {
        "id": "Observation.component:DiastolicBP.code.coding",
        "path": "Observation.component.code.coding",
        "slicing": {
          "discriminator": [
            {
              "type": "pattern",
              "path": "$this"
            }
          ],
          "rules": "open"
        },
        "mustSupport": true
      },
      {
        "id": "Observation.component:DiastolicBP.code.coding:IEEE11073",
        "path": "Observation.component.code.coding",
        "sliceName": "IEEE11073",
        "min": 0,
        "max": "1",
        "patternCoding": {
          "code": "150018",
          "system": "urn:iso:std:iso:11073:10101"
        }
      },
      {
        "id": "Observation.component:DiastolicBP.code.coding:SCT",
        "path": "Observation.component.code.coding",
        "sliceName": "SCT",
        "min": 0,
        "max": "1",
        "patternCoding": {
          "code": "271650006",
          "system": "http://snomed.info/sct"
        }
      },
      {
        "id": "Observation.component:DiastolicBP.value[x]",
        "path": "Observation.component.value[x]",
        "mustSupport": true
      },
      {
        "id": "Observation.component:DiastolicBP.value[x]:valueQuantity",
        "path": "Observation.component.value[x]",
        "sliceName": "valueQuantity",
        "type": [
          {
            "code": "Quantity"
          }
        ],
        "mustSupport": true
      },
      {
        "id": "Observation.component:DiastolicBP.dataAbsentReason",
        "path": "Observation.component.dataAbsentReason",
        "mustSupport": true
      },
      {
        "id": "Observation.component:meanBP",
        "path": "Observation.component",
        "sliceName": "meanBP",
        "mustSupport": true
      },
      {
        "id": "Observation.component:meanBP.code",
        "path": "Observation.component.code",
        "mustSupport": true
      },
      {
        "id": "Observation.component:meanBP.code.coding",
        "path": "Observation.component.code.coding",
        "slicing": {
          "discriminator": [
            {
              "type": "pattern",
              "path": "$this"
            }
          ],
          "rules": "open"
        },
        "mustSupport": true
      },
      {
        "id": "Observation.component:meanBP.code.coding:IEEE11073",
        "path": "Observation.component.code.coding",
        "sliceName": "IEEE11073",
        "min": 0,
        "max": "1",
        "patternCoding": {
          "code": "150019",
          "system": "urn:iso:std:iso:11073:10101"
        }
      },
      {
        "id": "Observation.component:meanBP.code.coding:SCT",
        "path": "Observation.component.code.coding",
        "sliceName": "SCT",
        "min": 0,
        "max": "1",
        "patternCoding": {
          "code": "6797001",
          "system": "http://snomed.info/sct"
        }
      },
      {
        "id": "Observation.component:meanBP.value[x]",
        "path": "Observation.component.value[x]",
        "mustSupport": true
      },
      {
        "id": "Observation.component:meanBP.value[x]:valueQuantity",
        "path": "Observation.component.value[x]",
        "sliceName": "valueQuantity",
        "type": [
          {
            "code": "Quantity"
          }
        ],
        "mustSupport": true
      },
      {
        "id": "Observation.component:meanBP.dataAbsentReason",
        "path": "Observation.component.dataAbsentReason",
        "mustSupport": true
      }
    ]
  }
}
