{
  "resourceType": "StructureDefinition",
  "id": "ISiKGCS",
  "url": "https://gematik.de/fhir/isik/StructureDefinition/ISiKGCS",
  "version": "4.0.0",
  "name": "ISiKGCS",
  "status": "active",
  "experimental": false,
  "date": "2024-09-30",
  "publisher": "gematik GmbH",
  "fhirVersion": "4.0.1",
  "kind": "resource",
  "abstract": false,
  "type": "Observation",
  "baseDefinition": "http://fhir.de/StructureDefinition/observation-de-score-gcs",
  "derivation": "constraint",
  "differential": {
    "element": [
      {
        "id": "Observation.status",
        "path": "Observation.status",
        "mustSupport": true
      },
      {
        "id": "Observation.category",
        "path": "Observation.category",
        "mustSupport": true
      },
      {
        "id": "Observation.category:survey",
        "path": "Observation.category",
        "sliceName": "survey",
        "mustSupport": true
      },
      {
        "id": "Observation.code.coding:loinc",
        "path": "Observation.code.coding",
        "sliceName": "loinc",
        "mustSupport": true
      },
      {
        "id": "Observation.code.coding:snomed",
        "path": "Observation.code.coding",
        "sliceName": "snomed",
        "mustSupport": true
      },
      {
        "id": "Observation.code.coding:IEEE11073",
        "path": "Observation.code.coding",
        "sliceName": "IEEE11073",
        "min": 0,
        "max": "1",
        "patternCoding": {
          "code": "153728",
          "system": "urn:iso:std:iso:11073:10101"
        }
      },
      {
        "id": "Observation.subject",
        "path": "Observation.subject",
        "mustSupport": true
      },
      {
        "id": "Observation.encounter",
        "path": "Observation.encounter",
        "mustSupport": true
      },
      {
        "id": "Observation.effective[x]",
        "path": "Observation.effective[x]",
        "mustSupport": true
      },
      {
        "id": "Observation.performer",
        "path": "Observation.performer",
        "comment": "Motivation: Dieses Feld stellt eine präzisierende Angaben zum Zweck der Qualitätsbewertung bereit",
        "mustSupport": true
      },
      {
        "id": "Observation.value[x]",
        "path": "Observation.value[x]",
        "mustSupport": true
      },
      {
        "id": "Observation.value[x].value",
        "path": "Observation.value[x].value",
        "mustSupport": true
      },
      {
        "id": "Observation.value[x].system",
        "path": "Observation.value[x].system",
        "mustSupport": true
      },
      {
        "id": "Observation.value[x].code",
        "path": "Observation.value[x].code",
        "mustSupport": true
      },
      {
        "id": "Observation.dataAbsentReason",
        "path": "Observation.dataAbsentReason",
        "mustSupport": true
      },
      {
        "id": "Observation.method",
        "path": "Observation.method",
        "comment": "Motivation: Dieses Feld stellt eine präzisierende Angaben zum Zweck der Qualitätsbewertung bereit",
        "mustSupport": true
      },
      {
        "id": "Observation.device",
        "path": "Observation.device",
        "comment": "Motivation: Dieses Feld stellt eine präzisierende Angaben zum Zweck der Qualitätsbewertung bereit",
        "mustSupport": true
      },
      {
        "id": "Observation.component",
        "path": "Observation.component",
        "mustSupport": true
      },
      {
        "id": "Observation.component.code",
        "path": "Observation.component.code",
        "mustSupport": true
      },
      {
        "id": "Observation.component.value[x]",
        "path": "Observation.component.value[x]",
        "slicing": {
          "discriminator": [
            {
              "type": "type",
              "path": "$this"
            }
          ],
          "ordered": false,
          "rules": "open"
        },
        "mustSupport": true
      },
      {
        "id": "Observation.component.value[x]:valueQuantity",
        "path": "Observation.component.value[x]",
        "sliceName": "valueQuantity",
        "min": 0,
        "max": "1",
        "type": [
          {
            "code": "Quantity"
          }
        ],
        "mustSupport": true
      },
      {
        "id": "Observation.component.value[x]:valueQuantity.unit",
        "path": "Observation.component.value[x].unit",
        "mustSupport": true
      },
      {
        "id": "Observation.component.value[x]:valueQuantity.system",
        "path": "Observation.component.value[x].system",
        "mustSupport": true
      },
      {
        "id": "Observation.component.value[x]:valueQuantity.code",
        "path": "Observation.component.value[x].code",
        "mustSupport": true
      },
      {
        "id": "Observation.component:Eye",
        "path": "Observation.component",
        "sliceName": "Eye",
        "mustSupport": true
      },
      {
        "id": "Observation.component:Eye.code",
        "path": "Observation.component.code",
        "mustSupport": true
      },
      {
        "id": "Observation.component:Eye.value[x]",
        "path": "Observation.component.value[x]",
        "mustSupport": true
      },
      {
        "id": "Observation.component:Motor",
        "path": "Observation.component",
        "sliceName": "Motor",
        "mustSupport": true
      },
      {
        "id": "Observation.component:Motor.code",
        "path": "Observation.component.code",
        "mustSupport": true
      },
      {
        "id": "Observation.component:Motor.value[x]",
        "path": "Observation.component.value[x]",
        "mustSupport": true
      },
      {
        "id": "Observation.component:Verbal",
        "path": "Observation.component",
        "sliceName": "Verbal",
        "mustSupport": true
      },
      {
        "id": "Observation.component:Verbal.code",
        "path": "Observation.component.code",
        "mustSupport": true
      },
      {
        "id": "Observation.component:Verbal.value[x]",
        "path": "Observation.component.value[x]",
        "mustSupport": true
      }
    ]
  }
}
