{
  "resourceType": "ValueSet",
  "status": "active",
  "name": "ISiKKopfumfangSCTVS",
  "id": "ISiKKopfumfangSCTVS",
  "title": "ISiKKopfumfangSCTVS",
  "description": "ValueSet des Kopfumfang SnomedCT Codes in ISiK",
  "version": "4.0.0",
  "url": "https://gematik.de/fhir/isik/ValueSet/ISiKKopfumfangSCTVS",
  "experimental": false,
  "publisher": "gematik GmbH",
  "date": "2024-09-30",
  "compose": {
    "include": [
      {
        "system": "http://snomed.info/sct",
        "concept": [
          {
            "code": "363812007",
            "display": "Kopfumfang"
          }
        ]
      }
    ]
  }
}
