{
  "resourceType": "ValueSet",
  "status": "active",
  "name": "ISiKHerzfrequenzSCTVS",
  "id": "ISiKHerzfrequenzSCTVS",
  "title": "ISiKHerzfrequenzSCTVS",
  "description": "ValueSet des Herzfrequenz SnomedCT Codes in ISiK",
  "version": "4.0.0",
  "url": "https://gematik.de/fhir/isik/ValueSet/ISiKHerzfrequenzSCTVS",
  "experimental": false,
  "publisher": "gematik GmbH",
  "date": "2024-09-30",
  "compose": {
    "include": [
      {
        "system": "http://snomed.info/sct",
        "concept": [
          {
            "code": "364075005",
            "display": "Herzfrequenz"
          }
        ]
      }
    ]
  }
}
