{
  "resourceType": "CapabilityStatement",
  "id": "ISiK-capabilityStatement-vitalparameter-server",
  "url": "https://gematik.de/fhir/isik/v3/VitalparameterUndKoerpermasze/CapabilityStatement/vitalparameter-server",
  "status": "active",
  "experimental": false,
  "version": "3.0.4",
  "publisher": "gematik GmbH",
  "date": "2024-11-20",
  "implementationGuide": [
    "https://gematik.de/fhir/isik/v3/VitalparameterUndKoerpermasze/ImplementationGuide|3.0.4"
  ],
  "name": "ISiKCapabilityStatementVitalparameterServer",
  "title": "ISiK CapabilityStatement Vitalparameter Server",
  "contact": [
    {
      "telecom": [
        {
          "system": "url",
          "value": "https://www.gematik.de"
        }
      ]
    }
  ],
  "description": "Das vorliegende CapabilityStatement beschreibt alle verpflichtenden Interaktionen die ein ISiK-konformes System unterstützen muss um das Bestätigungsverfahren für das Modul Vitalparameter zu bestehen.",
  "jurisdiction": [
    {
      "coding": [
        {
          "code": "DE",
          "system": "urn:iso:std:iso:3166",
          "display": "Germany"
        }
      ]
    }
  ],
  "kind": "requirements",
  "fhirVersion": "4.0.1",
  "format": [
    "application/fhir+xml",
    "application/fhir+json"
  ],
  "instantiates": [
    "https://gematik.de/fhir/isik/v3/VitalparameterUndKoerpermasze/CapabilityStatement/vitalparameter-server"
  ],
  "rest": [
    {
      "mode": "server",
      "resource": [
        {
          "extension": [
            {
              "url": "http://hl7.org/fhir/StructureDefinition/capabilitystatement-expectation",
              "valueCode": "SHALL"
            }
          ],
          "type": "Observation",
          "supportedProfile": [
            "https://gematik.de/fhir/isik/v3/VitalparameterUndKoerpermasze/StructureDefinition/ISiKAtemfrequenz",
            "https://gematik.de/fhir/isik/v3/VitalparameterUndKoerpermasze/StructureDefinition/ISiKBlutdruck",
            "https://gematik.de/fhir/isik/v3/VitalparameterUndKoerpermasze/StructureDefinition/ISiKHerzfrequenz",
            "https://gematik.de/fhir/isik/v3/VitalparameterUndKoerpermasze/StructureDefinition/ISiKKoerpergewicht",
            "https://gematik.de/fhir/isik/v3/VitalparameterUndKoerpermasze/StructureDefinition/ISiKKoerpergroesse",
            "https://gematik.de/fhir/isik/v3/VitalparameterUndKoerpermasze/StructureDefinition/ISiKKoerpertemperatur",
            "https://gematik.de/fhir/isik/v3/VitalparameterUndKoerpermasze/StructureDefinition/ISiKKopfumfang",
            "https://gematik.de/fhir/isik/v3/VitalparameterUndKoerpermasze/StructureDefinition/ISiKSauerstoffsaettigung",
            "https://gematik.de/fhir/isik/v3/VitalparameterUndKoerpermasze/StructureDefinition/ISiKGCS",
            "https://gematik.de/fhir/isik/v3/VitalparameterUndKoerpermasze/StructureDefinition/ISiKEkg"
          ],
          "_supportedProfile": [
            {
              "extension": [
                {
                  "url": "http://hl7.org/fhir/StructureDefinition/capabilitystatement-expectation",
                  "valueCode": "SHALL"
                }
              ]
            },
            {
              "extension": [
                {
                  "url": "http://hl7.org/fhir/StructureDefinition/capabilitystatement-expectation",
                  "valueCode": "SHALL"
                }
              ]
            },
            {
              "extension": [
                {
                  "url": "http://hl7.org/fhir/StructureDefinition/capabilitystatement-expectation",
                  "valueCode": "SHALL"
                }
              ]
            },
            {
              "extension": [
                {
                  "url": "http://hl7.org/fhir/StructureDefinition/capabilitystatement-expectation",
                  "valueCode": "SHALL"
                }
              ]
            },
            {
              "extension": [
                {
                  "url": "http://hl7.org/fhir/StructureDefinition/capabilitystatement-expectation",
                  "valueCode": "SHALL"
                }
              ]
            },
            {
              "extension": [
                {
                  "url": "http://hl7.org/fhir/StructureDefinition/capabilitystatement-expectation",
                  "valueCode": "SHALL"
                }
              ]
            },
            {
              "extension": [
                {
                  "url": "http://hl7.org/fhir/StructureDefinition/capabilitystatement-expectation",
                  "valueCode": "SHALL"
                }
              ]
            },
            {
              "extension": [
                {
                  "url": "http://hl7.org/fhir/StructureDefinition/capabilitystatement-expectation",
                  "valueCode": "SHALL"
                }
              ]
            },
            {
              "extension": [
                {
                  "url": "http://hl7.org/fhir/StructureDefinition/capabilitystatement-expectation",
                  "valueCode": "SHALL"
                }
              ]
            },
            {
              "extension": [
                {
                  "url": "http://hl7.org/fhir/StructureDefinition/capabilitystatement-expectation",
                  "valueCode": "MAY"
                }
              ]
            }
          ],
          "interaction": [
            {
              "extension": [
                {
                  "url": "http://hl7.org/fhir/StructureDefinition/capabilitystatement-expectation",
                  "valueCode": "SHALL"
                }
              ],
              "code": "read"
            },
            {
              "extension": [
                {
                  "url": "http://hl7.org/fhir/StructureDefinition/capabilitystatement-expectation",
                  "valueCode": "SHALL"
                }
              ],
              "code": "search-type"
            }
          ],
          "searchParam": [
            {
              "extension": [
                {
                  "url": "http://hl7.org/fhir/StructureDefinition/capabilitystatement-expectation",
                  "valueCode": "SHALL"
                }
              ],
              "name": "_id",
              "definition": "http://hl7.org/fhir/SearchParameter/Resource-id",
              "type": "token"
            },
            {
              "extension": [
                {
                  "url": "http://hl7.org/fhir/StructureDefinition/capabilitystatement-expectation",
                  "valueCode": "SHALL"
                }
              ],
              "name": "category",
              "definition": "http://hl7.org/fhir/SearchParameter/Observation-category",
              "type": "token"
            },
            {
              "extension": [
                {
                  "url": "http://hl7.org/fhir/StructureDefinition/capabilitystatement-expectation",
                  "valueCode": "SHALL"
                }
              ],
              "name": "status",
              "definition": "http://hl7.org/fhir/SearchParameter/Observation-status",
              "type": "token"
            },
            {
              "extension": [
                {
                  "url": "http://hl7.org/fhir/StructureDefinition/capabilitystatement-expectation",
                  "valueCode": "SHALL"
                }
              ],
              "name": "date",
              "definition": "http://hl7.org/fhir/SearchParameter/clinical-date",
              "type": "date"
            },
            {
              "extension": [
                {
                  "url": "http://hl7.org/fhir/StructureDefinition/capabilitystatement-expectation",
                  "valueCode": "SHALL"
                }
              ],
              "name": "code",
              "definition": "http://hl7.org/fhir/SearchParameter/clinical-code",
              "type": "token"
            },
            {
              "extension": [
                {
                  "url": "http://hl7.org/fhir/StructureDefinition/capabilitystatement-expectation",
                  "valueCode": "SHALL"
                }
              ],
              "name": "patient",
              "definition": "http://hl7.org/fhir/SearchParameter/clinical-patient",
              "type": "reference"
            },
            {
              "extension": [
                {
                  "url": "http://hl7.org/fhir/StructureDefinition/capabilitystatement-expectation",
                  "valueCode": "SHALL"
                }
              ],
              "name": "subject",
              "definition": "http://hl7.org/fhir/SearchParameter/Observation-subject",
              "type": "reference"
            },
            {
              "extension": [
                {
                  "url": "http://hl7.org/fhir/StructureDefinition/capabilitystatement-expectation",
                  "valueCode": "SHALL"
                }
              ],
              "name": "encounter",
              "definition": "http://hl7.org/fhir/SearchParameter/clinical-encounter",
              "type": "reference"
            },
            {
              "extension": [
                {
                  "url": "http://hl7.org/fhir/StructureDefinition/capabilitystatement-expectation",
                  "valueCode": "SHALL"
                }
              ],
              "name": "combo-code",
              "definition": "http://hl7.org/fhir/SearchParameter/Observation-combo-code",
              "type": "token"
            },
            {
              "extension": [
                {
                  "url": "http://hl7.org/fhir/StructureDefinition/capabilitystatement-expectation",
                  "valueCode": "SHALL"
                }
              ],
              "name": "combo-code-value-quantity",
              "definition": "http://hl7.org/fhir/SearchParameter/Observation-combo-code-value-quantity",
              "type": "composite"
            },
            {
              "extension": [
                {
                  "url": "http://hl7.org/fhir/StructureDefinition/capabilitystatement-expectation",
                  "valueCode": "SHALL"
                }
              ],
              "name": "component-code",
              "definition": "http://hl7.org/fhir/SearchParameter/Observation-component-code",
              "type": "token"
            }
          ]
        }
      ]
    }
  ]
}
