{
  "resourceType": "StructureDefinition",
  "id": "ISiKBlutdruck",
  "url": "https://gematik.de/fhir/isik/v3/VitalparameterUndKoerpermasze/StructureDefinition/ISiKBlutdruck",
  "version": "3.0.4",
  "name": "ISiKBlutdruck",
  "status": "active",
  "experimental": false,
  "date": "2024-11-20",
  "publisher": "gematik GmbH",
  "fhirVersion": "4.0.1",
  "kind": "resource",
  "abstract": false,
  "type": "Observation",
  "baseDefinition": "http://fhir.de/StructureDefinition/observation-de-vitalsign-blutdruck",
  "derivation": "constraint",
  "differential": {
    "element": [
      {
        "id": "Observation.status",
        "path": "Observation.status",
        "mustSupport": true
      },
      {
        "id": "Observation.category",
        "path": "Observation.category",
        "mustSupport": true
      },
      {
        "id": "Observation.category:vs-cat",
        "path": "Observation.category",
        "sliceName": "vs-cat",
        "mustSupport": true
      },
      {
        "id": "Observation.code",
        "path": "Observation.code",
        "mustSupport": true
      },
      {
        "id": "Observation.code.coding",
        "path": "Observation.code.coding",
        "mustSupport": true
      },
      {
        "id": "Observation.subject",
        "path": "Observation.subject",
        "mustSupport": true
      },
      {
        "id": "Observation.encounter",
        "path": "Observation.encounter",
        "mustSupport": true
      },
      {
        "id": "Observation.effective[x]",
        "path": "Observation.effective[x]",
        "mustSupport": true
      },
      {
        "id": "Observation.component",
        "path": "Observation.component",
        "mustSupport": true
      },
      {
        "id": "Observation.component:SystolicBP",
        "path": "Observation.component",
        "sliceName": "SystolicBP",
        "mustSupport": true
      },
      {
        "id": "Observation.component:SystolicBP.code",
        "path": "Observation.component.code",
        "mustSupport": true
      },
      {
        "id": "Observation.component:SystolicBP.code.coding",
        "path": "Observation.component.code.coding",
        "mustSupport": true
      },
      {
        "id": "Observation.component:SystolicBP.value[x]",
        "path": "Observation.component.value[x]",
        "mustSupport": true
      },
      {
        "id": "Observation.component:SystolicBP.value[x]:valueQuantity",
        "path": "Observation.component.value[x]",
        "sliceName": "valueQuantity",
        "type": [
          {
            "code": "Quantity"
          }
        ],
        "mustSupport": true
      },
      {
        "id": "Observation.component:SystolicBP.dataAbsentReason",
        "path": "Observation.component.dataAbsentReason",
        "mustSupport": true
      },
      {
        "id": "Observation.component:DiastolicBP",
        "path": "Observation.component",
        "sliceName": "DiastolicBP",
        "mustSupport": true
      },
      {
        "id": "Observation.component:DiastolicBP.code",
        "path": "Observation.component.code",
        "mustSupport": true
      },
      {
        "id": "Observation.component:DiastolicBP.code.coding",
        "path": "Observation.component.code.coding",
        "mustSupport": true
      },
      {
        "id": "Observation.component:DiastolicBP.value[x]",
        "path": "Observation.component.value[x]",
        "mustSupport": true
      },
      {
        "id": "Observation.component:DiastolicBP.value[x]:valueQuantity",
        "path": "Observation.component.value[x]",
        "sliceName": "valueQuantity",
        "type": [
          {
            "code": "Quantity"
          }
        ],
        "mustSupport": true
      },
      {
        "id": "Observation.component:DiastolicBP.dataAbsentReason",
        "path": "Observation.component.dataAbsentReason",
        "mustSupport": true
      }
    ]
  }
}
