{
  "resourceType": "StructureDefinition",
  "id": "ISiKKoerpergewicht",
  "url": "https://gematik.de/fhir/isik/v3/VitalparameterUndKoerpermasze/StructureDefinition/ISiKKoerpergewicht",
  "version": "3.0.4",
  "name": "ISiKKoerpergewicht",
  "status": "active",
  "experimental": false,
  "date": "2024-11-20",
  "publisher": "gematik GmbH",
  "fhirVersion": "4.0.1",
  "kind": "resource",
  "abstract": false,
  "type": "Observation",
  "baseDefinition": "http://fhir.de/StructureDefinition/observation-de-vitalsign-koerpergewicht",
  "derivation": "constraint",
  "differential": {
    "element": [
      {
        "id": "Observation.status",
        "path": "Observation.status",
        "mustSupport": true
      },
      {
        "id": "Observation.category",
        "path": "Observation.category",
        "mustSupport": true
      },
      {
        "id": "Observation.category:vs-cat",
        "path": "Observation.category",
        "sliceName": "vs-cat",
        "mustSupport": true
      },
      {
        "id": "Observation.code",
        "path": "Observation.code",
        "mustSupport": true
      },
      {
        "id": "Observation.subject",
        "path": "Observation.subject",
        "mustSupport": true
      },
      {
        "id": "Observation.encounter",
        "path": "Observation.encounter",
        "mustSupport": true
      },
      {
        "id": "Observation.effective[x]",
        "path": "Observation.effective[x]",
        "mustSupport": true
      },
      {
        "id": "Observation.value[x]",
        "path": "Observation.value[x]",
        "mustSupport": true
      },
      {
        "id": "Observation.value[x]:valueQuantity",
        "path": "Observation.value[x]",
        "sliceName": "valueQuantity",
        "type": [
          {
            "code": "Quantity"
          }
        ],
        "mustSupport": true
      },
      {
        "id": "Observation.value[x]:valueQuantity.value",
        "path": "Observation.value[x].value",
        "mustSupport": true
      },
      {
        "id": "Observation.value[x]:valueQuantity.unit",
        "path": "Observation.value[x].unit",
        "mustSupport": true
      },
      {
        "id": "Observation.value[x]:valueQuantity.system",
        "path": "Observation.value[x].system",
        "mustSupport": true
      },
      {
        "id": "Observation.value[x]:valueQuantity.code",
        "path": "Observation.value[x].code",
        "mustSupport": true
      }
    ]
  }
}
